{
  "total_samples": 50,
  "char_error_rate": {
    "mean": 1.0,
    "median": 1.0,
    "std": 0.0,
    "min": 1.0,
    "max": 1.0
  },
  "word_error_rate": {
    "mean": 1.0,
    "median": 1.0,
    "std": 0.0,
    "min": 1.0,
    "max": 1.0
  },
  "exact_match_accuracy": 0.0,
  "inference_time_ms": {
    "mean": 433.4038257598877,
    "median": 345.6845283508301,
    "min": 279.99162673950195,
    "max": 1039.069414138794
  }
}